{
  "n_pairs": 2,
  "pairs": [
    {
      "found": true,
      "original_params": {
        "rapamycin_dose": 0.0,
        "nad_supplement": 0.0,
        "senolytic_dose": 0.0,
        "yamanaka_intensity": 0.0,
        "transplant_rate": 0.0,
        "exercise_level": 0.0,
        "baseline_age": 70.0,
        "baseline_heteroplasmy": 0.3,
        "baseline_nad_level": 0.6,
        "genetic_vulnerability": 1.0,
        "metabolic_demand": 1.0,
        "inflammation_level": 0.25
      },
      "contrastive_params": {
        "rapamycin_dose": 0.0,
        "nad_supplement": 0.0033796628689497427,
        "senolytic_dose": 0.004147326681021751,
        "yamanaka_intensity": 0.02562309028272165,
        "transplant_rate": 0.01574332435050411,
        "exercise_level": 0.0067276507926147,
        "baseline_age": 71.93100937228901,
        "baseline_heteroplasmy": 0.27871022775699256,
        "baseline_nad_level": 0.5903516414771484,
        "genetic_vulnerability": 0.9737986064989245,
        "metabolic_demand": 0.9889770934181951,
        "inflammation_level": 0.22404703067303458
      },
      "delta": {
        "rapamycin_dose": 0.0,
        "nad_supplement": 0.0033796628689497427,
        "senolytic_dose": 0.004147326681021751,
        "yamanaka_intensity": 0.02562309028272165,
        "transplant_rate": 0.01574332435050411,
        "exercise_level": 0.0067276507926147,
        "baseline_age": 1.9310093722890116,
        "baseline_heteroplasmy": -0.021289772243007432,
        "baseline_nad_level": -0.009648358522851619,
        "genetic_vulnerability": -0.02620139350107553,
        "metabolic_demand": -0.011022906581804937,
        "inflammation_level": -0.02595296932696542
      },
      "outcome_original": "near_cliff",
      "outcome_flipped": "healthy",
      "perturbation_magnitude": 0.06157836914062499,
      "n_sims": 133
    },
    {
      "found": true,
      "original_params": {
        "rapamycin_dose": 0.0,
        "nad_supplement": 0.0,
        "senolytic_dose": 0.0,
        "yamanaka_intensity": 0.0,
        "transplant_rate": 0.0,
        "exercise_level": 0.0,
        "baseline_age": 70.0,
        "baseline_heteroplasmy": 0.6,
        "baseline_nad_level": 0.6,
        "genetic_vulnerability": 1.0,
        "metabolic_demand": 1.0,
        "inflammation_level": 0.25
      },
      "contrastive_params": {
        "rapamycin_dose": 0.0,
        "nad_supplement": 0.0,
        "senolytic_dose": 0.0,
        "yamanaka_intensity": 0.014841187387049214,
        "transplant_rate": 0.050460808501723804,
        "exercise_level": 0.0,
        "baseline_age": 69.99664961774002,
        "baseline_heteroplasmy": 0.525269384568831,
        "baseline_nad_level": 0.5557332690693835,
        "genetic_vulnerability": 1.0060279993697356,
        "metabolic_demand": 0.8950870870853066,
        "inflammation_level": 0.2595740860667708
      },
      "delta": {
        "rapamycin_dose": 0.0,
        "nad_supplement": 0.0,
        "senolytic_dose": 0.0,
        "yamanaka_intensity": 0.014841187387049214,
        "transplant_rate": 0.050460808501723804,
        "exercise_level": 0.0,
        "baseline_age": -0.0033503822599811883,
        "baseline_heteroplasmy": -0.07473061543116899,
        "baseline_nad_level": -0.044266730930616505,
        "genetic_vulnerability": 0.006027999369735637,
        "metabolic_demand": -0.1049129129146934,
        "inflammation_level": 0.009574086066770793
      },
      "outcome_original": "collapsed",
      "outcome_flipped": "near_cliff",
      "perturbation_magnitude": 0.1351318359375,
      "n_sims": 53
    }
  ],
  "sensitivity": {
    "param_importance": {
      "baseline_age": 0.9671798772744964,
      "baseline_heteroplasmy": 0.04801019383708821,
      "baseline_nad_level": 0.026957544726734062,
      "exercise_level": 0.00336382539630735,
      "genetic_vulnerability": 0.016114696435405584,
      "inflammation_level": 0.017763527696868106,
      "metabolic_demand": 0.05796790974824917,
      "nad_supplement": 0.0016898314344748714,
      "rapamycin_dose": 0.0,
      "senolytic_dose": 0.0020736633405108755,
      "transplant_rate": 0.033102066426113956,
      "yamanaka_intensity": 0.020232138834885432
    },
    "param_flip_frequency": {
      "baseline_age": 0.5,
      "baseline_heteroplasmy": 0.0,
      "baseline_nad_level": 0.0,
      "exercise_level": 0.0,
      "genetic_vulnerability": 0.0,
      "inflammation_level": 0.0,
      "metabolic_demand": 0.5,
      "nad_supplement": 0.0,
      "rapamycin_dose": 0.0,
      "senolytic_dose": 0.0,
      "transplant_rate": 0.0,
      "yamanaka_intensity": 0.0
    },
    "n_pairs": 2,
    "rankings": [
      "baseline_age",
      "metabolic_demand",
      "baseline_heteroplasmy",
      "transplant_rate",
      "baseline_nad_level",
      "yamanaka_intensity",
      "inflammation_level",
      "genetic_vulnerability",
      "exercise_level",
      "senolytic_dose",
      "nad_supplement",
      "rapamycin_dose"
    ]
  }
}