{
  "curves": {
    "cut_frac": [
      [
        0.0,
        44.61524088641365,
        7.105427357601002e-15
      ],
      [
        0.1,
        44.648398321164,
        0.0
      ],
      [
        0.2,
        44.62619519255655,
        7.105427357601002e-15
      ],
      [
        0.4,
        44.60434400047762,
        0.0
      ],
      [
        0.6,
        44.570057366434526,
        0.0
      ],
      [
        0.8,
        44.570057366434526,
        0.0
      ]
    ],
    "target_position": [
      [
        0.1,
        44.68409410033074,
        0.0
      ],
      [
        0.3,
        44.68607589178863,
        7.105427357601002e-15
      ],
      [
        0.5,
        44.67466786885923,
        7.105427357601002e-15
      ],
      [
        0.7,
        44.65750278874073,
        0.0
      ],
      [
        0.9,
        22.825916385313413,
        0.0
      ]
    ],
    "distractor_strength": [
      [
        0.0,
        44.61524088641365,
        7.105427357601002e-15
      ],
      [
        0.1,
        46.983279458043306,
        6.617409985273697
      ],
      [
        0.2,
        51.28407739926841,
        10.166913097071944
      ],
      [
        0.3,
        42.608495656188765,
        11.852301408599535
      ],
      [
        0.5,
        40.20512837407419,
        13.293804823722928
      ],
      [
        0.7,
        38.004848031831145,
        10.138920921447294
      ],
      [
        1.0,
        29.17506571671987,
        10.132175144877754
      ]
    ]
  },
  "L50": {
    "cut_frac": 0.8,
    "target_position": 0.9,
    "distractor_strength": 1.0
  },
  "distractor_susceptibility": -17.804919158503065,
  "effective_horizon": 0.8,
  "n_sims": 190
}