{
  "curves": {
    "cut_frac": [
      [
        0.0,
        47.78999385351762,
        0.0
      ],
      [
        0.1,
        47.829943209812555,
        0.0
      ],
      [
        0.2,
        47.82259187496645,
        0.0
      ],
      [
        0.4,
        47.815952563770324,
        0.0
      ],
      [
        0.6,
        47.76060410956479,
        0.0
      ],
      [
        0.8,
        47.76060410956479,
        0.0
      ]
    ],
    "target_position": [
      [
        0.1,
        47.88562960523678,
        0.0
      ],
      [
        0.3,
        47.880119974301294,
        0.0
      ],
      [
        0.5,
        47.87100136114781,
        0.0
      ],
      [
        0.7,
        71.61702707643802,
        0.0
      ],
      [
        0.9,
        24.98187346714772,
        0.0
      ]
    ],
    "distractor_strength": [
      [
        0.0,
        47.78999385351762,
        0.0
      ],
      [
        0.1,
        50.9760238880791,
        7.040714618156744
      ],
      [
        0.2,
        54.95458586973026,
        10.880432138150267
      ],
      [
        0.3,
        46.193684597453114,
        19.624983530406436
      ],
      [
        0.5,
        47.857896045103075,
        18.30572861952173
      ],
      [
        0.7,
        45.49978228727675,
        19.80527470320098
      ],
      [
        1.0,
        29.055862998457314,
        27.683777322852986
      ]
    ]
  },
  "L50": {
    "cut_frac": 0.8,
    "target_position": 0.9,
    "distractor_strength": 1.0
  },
  "distractor_susceptibility": -18.618221383887384,
  "effective_horizon": 0.8,
  "n_sims": 190
}