{
  "mapping": {
    "power": {
      "rapamycin_dose": 0.4,
      "transplant_rate": 0.4,
      "exercise_level": 0.2
    },
    "danger": {
      "yamanaka_intensity": 0.3,
      "inflammation_level": 0.4,
      "genetic_vulnerability": 0.3
    },
    "structure": {
      "nad_supplement": 0.3,
      "senolytic_dose": 0.2,
      "baseline_age": 0.2,
      "metabolic_demand": 0.15,
      "baseline_heteroplasmy": 0.15
    }
  },
  "audit": {
    "dimension_output_correlations": {
      "power": {
        "energy_atp_initial": 0.010709221961976058,
        "energy_atp_final": -0.06070157475702683,
        "energy_atp_min": -0.06070157475702683,
        "energy_atp_max": 0.013307335089131634,
        "energy_atp_mean": -0.050914792210351695,
        "energy_atp_cv": 0.1072468101099066,
        "energy_reserve_ratio": 0.131364144682367,
        "energy_atp_slope": -0.1767039899785428,
        "energy_terminal_slope": -0.049765039325551985,
        "energy_time_to_crisis_years": 0.0,
        "damage_het_initial": -0.01094681827710022,
        "damage_het_final": -0.6786278355606677,
        "damage_het_max": -0.01094681827710022,
        "damage_delta_het": -0.5017894331291015,
        "damage_het_slope": 0.15505010632688582,
        "damage_het_acceleration": 0.4847321027903192,
        "damage_cliff_distance_initial": 0.010946818277100213,
        "damage_cliff_distance_final": 0.6786278355606675,
        "damage_time_to_cliff_years": 0.0,
        "damage_frac_above_cliff": 0.0,
        "dynamics_ros_dominant_freq": 0.0,
        "dynamics_ros_amplitude": -0.193043729694245,
        "dynamics_membrane_potential_cv": 0.10145597276584928,
        "dynamics_membrane_potential_slope": -0.10478031528323808,
        "dynamics_nad_slope": -0.0034262926153251646,
        "dynamics_ros_het_correlation": -0.0921228552136728,
        "dynamics_ros_atp_correlation": -0.12954040585443843,
        "dynamics_senescent_final": -0.024257964273483625,
        "dynamics_senescent_slope": 0.005689952158963593,
        "intervention_atp_benefit_terminal": -0.017035661304792355,
        "intervention_atp_benefit_mean": -0.013571081188873662,
        "intervention_het_benefit_terminal": 0.4188172767277104,
        "intervention_energy_cost_per_year": 0.03243687210250291,
        "intervention_benefit_cost_ratio": -0.06405920852253257,
        "intervention_total_dose": 0.8435034614618266,
        "intervention_crisis_delay_years": 0.028785077425011518,
        "final_heteroplasmy": -0.6786278355606677,
        "final_atp": -0.06070157475702683,
        "final_ros": -0.2707583056097083,
        "final_nad": 0.006124194183235353,
        "final_senescent": -0.024257964273483625,
        "final_membrane_potential": 0.01024785331569831
      },
      "danger": {
        "energy_atp_initial": -0.02349801051442627,
        "energy_atp_final": -0.9813177120756342,
        "energy_atp_min": -0.9813177120756342,
        "energy_atp_max": -0.03055184460265773,
        "energy_atp_mean": -0.973175195792109,
        "energy_atp_cv": 0.9598389339939035,
        "energy_reserve_ratio": 0.9793051950597045,
        "energy_atp_slope": -0.8532892157862249,
        "energy_terminal_slope": -0.26807500139758295,
        "energy_time_to_crisis_years": 0.0,
        "damage_het_initial": 0.04685364787818178,
        "damage_het_final": 0.5903409308236943,
        "damage_het_max": 0.04685364787818178,
        "damage_delta_het": 0.3970684683548355,
        "damage_het_slope": 0.5697776420799278,
        "damage_het_acceleration": -0.18432449225120104,
        "damage_cliff_distance_initial": -0.04685364787818178,
        "damage_cliff_distance_final": -0.5903409308236943,
        "damage_time_to_cliff_years": 0.0,
        "damage_frac_above_cliff": 0.0,
        "dynamics_ros_dominant_freq": 0.0,
        "dynamics_ros_amplitude": 0.2312988197002064,
        "dynamics_membrane_potential_cv": 0.5419477110755131,
        "dynamics_membrane_potential_slope": -0.9100071414158971,
        "dynamics_nad_slope": -0.5002072581557769,
        "dynamics_ros_het_correlation": -0.05386638912445679,
        "dynamics_ros_atp_correlation": 0.835199279270862,
        "dynamics_senescent_final": 0.5153589566845864,
        "dynamics_senescent_slope": 0.0692275029102814,
        "intervention_atp_benefit_terminal": 0.5717997259774013,
        "intervention_atp_benefit_mean": 0.39316335274707515,
        "intervention_het_benefit_terminal": 0.7537667524329059,
        "intervention_energy_cost_per_year": 0.9996052008483031,
        "intervention_benefit_cost_ratio": -0.5688768281048043,
        "intervention_total_dose": 0.335292373508599,
        "intervention_crisis_delay_years": 0.31102393326179395,
        "final_heteroplasmy": 0.5903409308236943,
        "final_atp": -0.9813177120756342,
        "final_ros": 0.43756188262252516,
        "final_nad": -0.48764328122011597,
        "final_senescent": 0.5153589566845864,
        "final_membrane_potential": -0.5137843636387851
      },
      "structure": {
        "energy_atp_initial": -0.9783954373992304,
        "energy_atp_final": -0.23111702461145814,
        "energy_atp_min": -0.23111702461145814,
        "energy_atp_max": -0.9799028355334833,
        "energy_atp_mean": -0.2709880517841646,
        "energy_atp_cv": -0.1389236357046208,
        "energy_reserve_ratio": -0.09501241456670678,
        "energy_atp_slope": 0.42924763854651377,
        "energy_terminal_slope": 0.9382578503746609,
        "energy_time_to_crisis_years": 0.0,
        "damage_het_initial": 0.9999999999999998,
        "damage_het_final": 0.43069308671259837,
        "damage_het_max": 0.9999999999999998,
        "damage_delta_het": -0.7306951804906694,
        "damage_het_slope": -0.7733824226150163,
        "damage_het_acceleration": 0.8278906572174651,
        "damage_cliff_distance_initial": -0.9999999999999998,
        "damage_cliff_distance_final": -0.4306930867125984,
        "damage_time_to_cliff_years": 0.0,
        "damage_frac_above_cliff": 0.0,
        "dynamics_ros_dominant_freq": 0.0,
        "dynamics_ros_amplitude": 0.9592993184945033,
        "dynamics_membrane_potential_cv": 0.8497377528422485,
        "dynamics_membrane_potential_slope": -0.37324667049460997,
        "dynamics_nad_slope": -0.8871804230455794,
        "dynamics_ros_het_correlation": 0.9456098164245978,
        "dynamics_ros_atp_correlation": -0.40847263791449745,
        "dynamics_senescent_final": -0.8293005663052538,
        "dynamics_senescent_slope": -0.9929124422914574,
        "intervention_atp_benefit_terminal": 0.7251568996109933,
        "intervention_atp_benefit_mean": 0.9343486016643567,
        "intervention_het_benefit_terminal": 0.5334333195022932,
        "intervention_energy_cost_per_year": 0.04654692023713855,
        "intervention_benefit_cost_ratio": 0.6470136029716328,
        "intervention_total_dose": 0.44224210556115573,
        "intervention_crisis_delay_years": 0.3354163875606384,
        "final_heteroplasmy": 0.43069308671259837,
        "final_atp": -0.23111702461145814,
        "final_ros": 0.867936638543991,
        "final_nad": -0.8938503888627711,
        "final_senescent": -0.8293005663052538,
        "final_membrane_potential": -0.8799055057407847
      }
    },
    "variance_explained": {
      "energy_atp_initial": 0.9577583623331782,
      "energy_atp_final": 0.99860776898111,
      "energy_atp_min": 0.99860776898111,
      "energy_atp_max": 0.960450621612669,
      "energy_atp_mean": 0.9986899196671232,
      "energy_atp_cv": 0.9613122391853576,
      "energy_reserve_ratio": 0.9894209760440773,
      "energy_atp_slope": 0.9704420587948914,
      "energy_terminal_slope": 0.9788470225045314,
      "energy_time_to_crisis_years": 1.0,
      "damage_het_initial": 1.0,
      "damage_het_final": 0.9880052319554224,
      "damage_het_max": 1.0,
      "damage_delta_het": 0.9931362156887951,
      "damage_het_slope": 0.9829291927484397,