{
  "mapping": {
    "power": {
      "rapamycin_dose": 0.4,
      "transplant_rate": 0.4,
      "exercise_level": 0.2
    },
    "danger": {
      "yamanaka_intensity": 0.3,
      "inflammation_level": 0.4,
      "genetic_vulnerability": 0.3
    },
    "structure": {
      "nad_supplement": 0.3,
      "senolytic_dose": 0.2,
      "baseline_age": 0.2,
      "metabolic_demand": 0.15,
      "baseline_heteroplasmy": 0.15
    }
  },
  "audit": {
    "dimension_output_correlations": {
      "power": {
        "energy_atp_initial": 0.010515440204995863,
        "energy_atp_final": -0.06651521610547179,
        "energy_atp_min": -0.056715029498497216,
        "energy_atp_max": -0.0594843915789797,
        "energy_atp_mean": -0.054780662590905194,
        "energy_atp_cv": 0.06374871418764645,
        "energy_reserve_ratio": 0.01797867337365246,
        "energy_atp_slope": -0.16284810568221955,
        "energy_terminal_slope": -0.14386268877274294,
        "energy_time_to_crisis_years": 0.0,
        "damage_het_initial": -0.010946818277100152,
        "damage_het_final": -0.4152826411349824,
        "damage_het_max": -0.010946818277100152,
        "damage_delta_het": -0.31280794407566037,
        "damage_het_slope": 0.2832680702096398,
        "damage_het_acceleration": 0.3815587733752165,
        "damage_cliff_distance_initial": 0.010946818277100163,
        "damage_cliff_distance_final": 0.4152826411349827,
        "damage_time_to_cliff_years": 0.027439715416725588,
        "damage_frac_above_cliff": -0.05587938313921427,
        "damage_deletion_het_initial": -0.011503453505601698,
        "damage_deletion_het_final": -0.49096135520183337,
        "damage_deletion_het_max": -0.011503453505601698,
        "dynamics_ros_dominant_freq": 0.0,
        "dynamics_ros_amplitude": -0.18042561001208027,
        "dynamics_membrane_potential_cv": 0.1154283567871424,
        "dynamics_membrane_potential_slope": -0.10191881093101678,
        "dynamics_nad_slope": -0.004246605139901526,
        "dynamics_ros_het_correlation": 0.10363139131872219,
        "dynamics_ros_atp_correlation": -0.003423012212509481,
        "dynamics_senescent_final": -0.017080666608881575,
        "dynamics_senescent_slope": 0.006848806408634002,
        "intervention_atp_benefit_terminal": -0.06574859564756207,
        "intervention_atp_benefit_mean": -0.055482969153745905,
        "intervention_het_benefit_terminal": 0.3397285032211041,
        "intervention_energy_cost_per_year": 0.03243687210250291,
        "intervention_benefit_cost_ratio": -0.0856923488492527,
        "intervention_total_dose": 0.8435034614618266,
        "intervention_crisis_delay_years": 0.0,
        "final_heteroplasmy": -0.4152826411349824,
        "final_atp": -0.06651521610547179,
        "final_ros": -0.18246419331649835,
        "final_nad": 0.004690532558672549,
        "final_senescent": -0.017080666608881575,
        "final_membrane_potential": 0.00804391833689173
      },
      "danger": {
        "energy_atp_initial": -0.024415861559588765,
        "energy_atp_final": -0.993987854640326,
        "energy_atp_min": -0.9553212763355424,
        "energy_atp_max": -0.6806230101599487,
        "energy_atp_mean": -0.9865995856036515,
        "energy_atp_cv": 0.5144916088672794,
        "energy_reserve_ratio": -0.05872590400008332,
        "energy_atp_slope": -0.6592089505766021,
        "energy_terminal_slope": -0.3524348802453533,
        "energy_time_to_crisis_years": 0.0,
        "damage_het_initial": 0.04685364787818182,
        "damage_het_final": 0.7206166107882738,
        "damage_het_max": 0.04685364787818182,
        "damage_delta_het": 0.509040358375143,
        "damage_het_slope": 0.6645448352441878,
        "damage_het_acceleration": -0.05180613976158664,
        "damage_cliff_distance_initial": -0.046853647878181796,
        "damage_cliff_distance_final": -0.7206166107882739,
        "damage_time_to_cliff_years": -0.0294204178165131,
        "damage_frac_above_cliff": -0.03637270188623322,
        "damage_deletion_het_initial": 0.04437017032429204,
        "damage_deletion_het_final": 0.2888677536177308,
        "damage_deletion_het_max": 0.04437017032429204,
        "dynamics_ros_dominant_freq": 0.0,
        "dynamics_ros_amplitude": 0.16301220317854292,
        "dynamics_membrane_potential_cv": 0.5697965771353117,
        "dynamics_membrane_potential_slope": -0.9244065770270933,
        "dynamics_nad_slope": -0.5082514856532158,
        "dynamics_ros_het_correlation": -0.8289318127035453,
        "dynamics_ros_atp_correlation": 0.6178154502810438,
        "dynamics_senescent_final": 0.5207593864900197,
        "dynamics_senescent_slope": 0.06915206908217976,
        "intervention_atp_benefit_terminal": -0.8220397040041352,
        "intervention_atp_benefit_mean": -0.8439144889898461,
        "intervention_het_benefit_terminal": 0.4169634571145252,
        "intervention_energy_cost_per_year": 0.9996052008483031,
        "intervention_benefit_cost_ratio": -0.5434331561832113,
        "intervention_total_dose": 0.335292373508599,
        "intervention_crisis_delay_years": 0.0,
        "final_heteroplasmy": 0.7206166107882738,
        "final_atp": -0.993987854640326,
        "final_ros": 0.5414295633351179,
        "final_nad": -0.49067957394716644,
        "final_senescent": 0.5207593864900197,
        "final_membrane_potential": -0.5142159800126608
      },
      "structure": {
        "energy_atp_initial": -0.9800972236437567,
        "energy_atp_final": -0.14100033808134096,
        "energy_atp_min": -0.27432150353251245,
        "energy_atp_max": -0.6107025916332667,
        "energy_atp_mean": -0.20208581778446916,
        "energy_atp_cv": 0.08595401816543732,
        "energy_reserve_ratio": 0.3968708283926543,
        "energy_atp_slope": 0.6916936208879282,
        "energy_terminal_slope": 0.9055708617509816,
        "energy_time_to_crisis_years": 0.0,
        "damage_het_initial": 0.9999999999999997,
        "damage_het_final": 0.5701191276585653,
        "damage_het_max": 0.9999999999999997,
        "damage_delta_het": -0.7641178664282859,
        "damage_het_slope": -0.6655533945397943,
        "damage_het_acceleration": 0.9074225264034209,
        "damage_cliff_distance_initial": -1.0,
        "damage_cliff_distance_final": -0.5701191276585654,
        "damage_time_to_cliff_years": -0.7771008137559962,
        "damage_frac_above_cliff": 0.7350733404735619,
        "damage_deletion_het_initial": 0.9997439933076306,
        "damage_deletion_het_final": 0.8234258543184428,
        "damage_deletion_het_max": 0.9997439933076306,
        "dynamics_ros_dominant_freq": 0.0,
        "dynamics_ros_amplitude": 0.9746285008886948,
        "dynamics_membrane_potential_cv": 0.8300455152681091,
        "dynamics_membrane_potential_slope": -0.3332677316134414,
        "dynamics_nad_slope": -0.882891537677498,
        "dynamics_ros_het_correlation": 0.4684251052663252,
        "dynamics_ros_atp_correlation": -0.7290982435045485,
        "dynamics_senescent_final": -0.8262827980775991,
        "dynamics_senescent_slope": -0.9929351483762203,
        "intervention_atp_benefit_terminal": 0.5233170074680134,
        "intervention_atp_benefit_mean": 0.4863062717500722,
        "intervention_het_benefit_terminal": 0.8600287869567311,
        "intervention_energy_cost_per_year": 0.04654692023713855,
        "intervention_benefit_cost_ratio": 0.7899761626984161,
        "intervention_total_dose": 0.44224210556115573,
        "intervention_crisis_delay_years": 0.0,
        "final_heteroplasmy": 0.5701191276585653,
        "final_atp": -0.14100033808134096,
        "final_ros": 0.838174814787878,
        "final_nad": -0.8923221152004557,
        "final_senescent": -0.8262827980775991,
        "final_membrane_potential": -0.8797402182677203
      }
    },
    "variance_explained": {
      "energy_atp_initial": 0.9610547428879425,
      "energy_atp_final": 0.9985488271688492,
      "energy_atp_min": 0.9665381253050102,