{
  "individual_results": [
    {
      "intended": {
        "final_heteroplasmy": 0.25,
        "final_atp": 0.85
      },
      "actual": {
        "energy_atp_initial": 0.8112809080145177,
        "energy_atp_final": 0.8076149396585834,
        "energy_atp_min": 0.8076149396585834,
        "energy_atp_max": 0.8822608063086922,
        "energy_atp_mean": 0.850004466248341,
        "energy_atp_cv": 0.026992593255120902,
        "energy_reserve_ratio": 0.04986976924586285,
        "energy_atp_slope": -0.00237253258574638,
        "energy_terminal_slope": -0.003120230591770563,
        "energy_time_to_crisis_years": 999.0,
        "damage_het_initial": 0.3,
        "damage_het_final": 0.3715823674931216,
        "damage_het_max": 0.3715823674931216,
        "damage_delta_het": 0.07158236749312163,
        "damage_het_slope": 0.0026813861228299966,
        "damage_het_acceleration": 0.00010207453812656668,
        "damage_cliff_distance_initial": 0.2,
        "damage_cliff_distance_final": 0.12841763250687838,
        "damage_time_to_cliff_years": 999.0,
        "damage_frac_above_cliff": 0.0,
        "damage_deletion_het_initial": 0.2057142857142857,
        "damage_deletion_het_final": 0.1834059326002841,
        "damage_deletion_het_max": 0.2057142857142857,
        "dynamics_ros_dominant_freq": 0.033322225924691765,
        "dynamics_ros_amplitude": 0.004130514234608803,
        "dynamics_membrane_potential_cv": 0.18670781219390137,
        "dynamics_membrane_potential_slope": -0.009593000315554375,
        "dynamics_nad_slope": -0.009704194061714142,
        "dynamics_ros_het_correlation": 0.9666837989141851,
        "dynamics_ros_atp_correlation": -0.827940517147768,
        "dynamics_senescent_final": 0.40480586721644324,
        "dynamics_senescent_slope": 0.008448530752384657,
        "intervention_atp_benefit_terminal": 0.013146714116508584,
        "intervention_atp_benefit_mean": 0.007849076388201204,
        "intervention_het_benefit_terminal": 0.07711877138842443,
        "intervention_energy_cost_per_year": 0.0,
        "intervention_benefit_cost_ratio": 999.0,
        "intervention_total_dose": 0.25,
        "intervention_crisis_delay_years": 0.0,
        "final_heteroplasmy": 0.3715823674931216,
        "final_atp": 0.8076149396585834,
        "final_ros": 0.14160518154605717,
        "final_nad": 0.31951448371286345,
        "final_senescent": 0.40480586721644324,
        "final_membrane_potential": 0.2979501608450861
      },
      "params": {
        "rapamycin_dose": 0.25,
        "nad_supplement": 0.0,
        "senolytic_dose": 0.0,
        "yamanaka_intensity": 0.0,
        "transplant_rate": 0.0,
        "exercise_level": 0.0,
        "baseline_age": 70.0,
        "baseline_heteroplasmy": 0.3,
        "baseline_nad_level": 0.6,
        "genetic_vulnerability": 1.0,
        "metabolic_demand": 1.0,
        "inflammation_level": 0.25
      },
      "alignment": {
        "per_key": {
          "final_heteroplasmy": {
            "direction_match": 1.0,
            "magnitude_match": 0.5136705300275135,
            "combined": 0.7568352650137568
          },
          "final_atp": {
            "direction_match": 1.0,
            "magnitude_match": 0.9501352231277452,
            "combined": 0.9750676115638726
          }
        },
        "overall": 0.8659514382888147,
        "n_keys_matched": 2,
        "n_keys_missing": 0
      }
    },
    {
      "intended": {
        "final_heteroplasmy": 0.3,
        "final_atp": 0.8
      },
      "actual": {
        "energy_atp_initial": 0.4157320073499987,
        "energy_atp_final": 0.8472219912215811,
        "energy_atp_min": 0.4157320073499987,
        "energy_atp_max": 0.8726531255337979,
        "energy_atp_mean": 0.8216624307837581,
        "energy_atp_cv": 0.12181031983374441,
        "energy_reserve_ratio": 0.4940355165643329,
        "energy_atp_slope": 0.006839229659284716,
        "energy_terminal_slope": -0.0018911633172756603,
        "energy_time_to_crisis_years": 999.0,
        "damage_het_initial": 0.65,
        "damage_het_final": 0.22345928184104064,
        "damage_het_max": 0.65,
        "damage_delta_het": -0.4265407181589594,
        "damage_het_slope": -0.012065355625669872,
        "damage_het_acceleration": 0.0015637642479032607,
        "damage_cliff_distance_initial": -0.15000000000000002,
        "damage_cliff_distance_final": 0.27654071815895936,
        "damage_time_to_cliff_years": 0.0,
        "damage_frac_above_cliff": 0.12029323558813729,
        "damage_deletion_het_initial": 0.4828571428571429,
        "damage_deletion_het_final": 0.06691410961952732,
        "damage_deletion_het_max": 0.4828571428571429,
        "dynamics_ros_dominant_freq": 0.033322225924691765,
        "dynamics_ros_amplitude": 0.018813055934707154,
        "dynamics_membrane_potential_cv": 0.17620665007009995,
        "dynamics_membrane_potential_slope": 0.00222746493831305,
        "dynamics_nad_slope": -0.004902860803933541,
        "dynamics_ros_het_correlation": 0.9880928538961506,
        "dynamics_ros_atp_correlation": -0.8467078448840974,
        "dynamics_senescent_final": 0.11135930828018753,
        "dynamics_senescent_slope": -0.0027903574199074324,
        "intervention_atp_benefit_terminal": 0.39376160026166684,
        "intervention_atp_benefit_mean": 0.351168281297311,
        "intervention_het_benefit_terminal": 0.5456387819777189,
        "intervention_energy_cost_per_year": 0.025,
        "intervention_benefit_cost_ratio": 15.750464010466674,
        "intervention_total_dose": 2.75,
        "intervention_crisis_delay_years": 0.0,
        "final_heteroplasmy": 0.22345928184104064,
        "final_atp": 0.8472219912215811,
        "final_ros": 0.11668472998976671,
        "final_nad": 0.38099968431956516,
        "final_senescent": 0.11135930828018753,
        "final_membrane_potential": 0.38690769897627525
      },
      "params": {
        "rapamycin_dose": 0.5,
        "nad_supplement": 0.75,
        "senolytic_dose": 0.5,
        "yamanaka_intensity": 0.0,
        "transplant_rate": 0.5,
        "exercise_level": 0.5,
        "baseline_age": 80.0,
        "baseline_heteroplasmy": 0.65,
        "baseline_nad_level": 0.4,
        "genetic_vulnerability": 1.0,
        "metabolic_demand": 1.0,
        "inflammation_level": 0.5
      },
      "alignment": {
        "per_key": {
          "final_heteroplasmy": {
            "direction_match": 1.0,
            "magnitude_match": 0.7448642728034688,
            "combined": 0.8724321364017344
          },
          "final_atp": {
            "direction_match": 1.0,
            "magnitude_match": 0.9409725109730236,
            "combined": 0.9704862554865118
          }
        },
        "overall": 0.9214591959441232,
        "n_keys_matched": 2,
        "n_keys_missing": 0
      }
    },
    {
      "intended": {
        "final_heteroplasmy": 0.15,
        "final_atp": 0.9
      },
      "actual": {
        "energy_atp_initial": 0.8112809080145177,
        "energy_atp_final": 0.8152021842275605,
        "energy_atp_min": 0.8112809080145177,
        "energy_atp_max": 0.8877683916805797,
        "energy_atp_mean": 0.8562211086073618,
        "energy_atp_cv": 0.026109965536146442,
        "energy_reserve_ratio": 0.05248667679536544,
        "energy_atp_slope": -0.0022429771800289108,
        "energy_terminal_slope": -0.0030581073508543274,
        "energy_time_to_crisis_years": 999.0,
        "damage_het_initial": 0.3,
        "damage_het_final": 0.2306264219683781,
        "damage_het_max": 0.3,
        "damage_delta_het": -0.06937357803162189,
        "damage_het_slope": 0.0002722226473146111,
        "damage_het_acceleration": 0.0005419362059022367,
        "damage_cliff_distance_initial": 0.2,
        "damage_cliff_distance_final": 0.2693735780316219,
        "damage_time_to_cliff_years": 999.0,
        "damage_frac_above_cliff": 0.0,
        "damage_deletion_het_initial": 0.2057142857142857,