{
  "n_pairs": 1,
  "pairs": [
    {
      "found": true,
      "original_params": {
        "grief_slp_int": 0.5,
        "grief_act_int": 0.5,
        "grief_nut_int": 0.5,
        "grief_alc_int": 0.5,
        "grief_br_int": 0.5,
        "grief_med_int": 0.5,
        "grief_soc_int": 0.5,
        "grief_B": 0.5,
        "grief_M": 0.5,
        "grief_D_circ": 0.5,
        "grief_V_prior": 0.5,
        "grief_age": 55.0,
        "grief_E_ctx": 0.5,
        "grief_infl_0": 0.25,
        "rapamycin_dose": 0.0,
        "nad_supplement": 0.0,
        "senolytic_dose": 0.0,
        "yamanaka_intensity": 0.0,
        "transplant_rate": 0.0,
        "exercise_level": 0.0,
        "baseline_age": 70.0,
        "baseline_heteroplasmy": 0.6,
        "baseline_nad_level": 0.6,
        "genetic_vulnerability": 1.0,
        "metabolic_demand": 1.0,
        "inflammation_level": 0.25
      },
      "contrastive_params": {
        "grief_slp_int": 0.5121804063680286,
        "grief_act_int": 0.511398246364677,
        "grief_nut_int": 0.5006198439030318,
        "grief_alc_int": 0.5009276409300087,
        "grief_br_int": 0.5030141987805039,
        "grief_med_int": 0.48839128858173564,
        "grief_soc_int": 0.515600373660631,
        "grief_B": 0.4927098111094446,
        "grief_M": 0.49060875904003126,
        "grief_D_circ": 0.498664408421753,
        "grief_V_prior": 0.4924916701713855,
        "grief_age": 55.17747264112483,
        "grief_E_ctx": 0.5051159135894913,
        "grief_infl_0": 0.24873343503696257,
        "rapamycin_dose": 0.0013407682134199675,
        "nad_supplement": 0.0,
        "senolytic_dose": 0.0,
        "yamanaka_intensity": 0.0,
        "transplant_rate": 0.01558450966786826,
        "exercise_level": 0.0,
        "baseline_age": 68.99651755950197,
        "baseline_heteroplasmy": 0.5916429443396442,
        "baseline_nad_level": 0.5946434211191272,
        "genetic_vulnerability": 1.0087354148158947,
        "metabolic_demand": 1.0013408072136423,
        "inflammation_level": 0.26127191415851264
      },
      "delta": {
        "grief_slp_int": 0.01218040636802864,
        "grief_act_int": 0.011398246364677012,
        "grief_nut_int": 0.0006198439030318248,
        "grief_alc_int": 0.000927640930008744,
        "grief_br_int": 0.003014198780503907,
        "grief_med_int": -0.011608711418264361,
        "grief_soc_int": 0.01560037366063105,
        "grief_B": -0.0072901888905553824,
        "grief_M": -0.009391240959968739,
        "grief_D_circ": -0.0013355915782469752,
        "grief_V_prior": -0.007508329828614491,
        "grief_age": 0.17747264112482952,
        "grief_E_ctx": 0.005115913589491261,
        "grief_infl_0": -0.0012665649630374254,
        "rapamycin_dose": 0.0013407682134199675,
        "nad_supplement": 0.0,
        "senolytic_dose": 0.0,
        "yamanaka_intensity": 0.0,
        "transplant_rate": 0.01558450966786826,
        "exercise_level": 0.0,
        "baseline_age": -1.0034824404980327,
        "baseline_heteroplasmy": -0.008357055660355828,
        "baseline_nad_level": -0.00535657888087282,
        "genetic_vulnerability": 0.008735414815894682,
        "metabolic_demand": 0.00134080721364227,
        "inflammation_level": 0.011271914158512641
      },
      "outcome_original": "near_cliff",
      "outcome_flipped": "healthy",
      "perturbation_magnitude": 0.04394989013671875,
      "n_sims": 133
    }
  ],
  "sensitivity": {
    "param_importance": {
      "baseline_age": 1.0034824404980327,
      "baseline_heteroplasmy": 0.008357055660355828,
      "baseline_nad_level": 0.00535657888087282,
      "exercise_level": 0.0,
      "genetic_vulnerability": 0.008735414815894682,
      "grief_B": 0.0072901888905553824,
      "grief_D_circ": 0.0013355915782469752,
      "grief_E_ctx": 0.005115913589491261,
      "grief_M": 0.009391240959968739,
      "grief_V_prior": 0.007508329828614491,
      "grief_act_int": 0.011398246364677012,
      "grief_age": 0.17747264112482952,
      "grief_alc_int": 0.000927640930008744,
      "grief_br_int": 0.003014198780503907,
      "grief_infl_0": 0.0012665649630374254,
      "grief_med_int": 0.011608711418264361,
      "grief_nut_int": 0.0006198439030318248,
      "grief_slp_int": 0.01218040636802864,
      "grief_soc_int": 0.01560037366063105,
      "inflammation_level": 0.011271914158512641,
      "metabolic_demand": 0.00134080721364227,
      "nad_supplement": 0.0,
      "rapamycin_dose": 0.0013407682134199675,
      "senolytic_dose": 0.0,
      "transplant_rate": 0.01558450966786826,
      "yamanaka_intensity": 0.0
    },
    "param_flip_frequency": {
      "baseline_age": 1.0,
      "baseline_heteroplasmy": 0.0,
      "baseline_nad_level": 0.0,
      "exercise_level": 0.0,
      "genetic_vulnerability": 0.0,
      "grief_B": 0.0,
      "grief_D_circ": 0.0,
      "grief_E_ctx": 0.0,
      "grief_M": 0.0,
      "grief_V_prior": 0.0,
      "grief_act_int": 0.0,
      "grief_age": 0.0,
      "grief_alc_int": 0.0,
      "grief_br_int": 0.0,
      "grief_infl_0": 0.0,
      "grief_med_int": 0.0,
      "grief_nut_int": 0.0,
      "grief_slp_int": 0.0,
      "grief_soc_int": 0.0,
      "inflammation_level": 0.0,
      "metabolic_demand": 0.0,
      "nad_supplement": 0.0,
      "rapamycin_dose": 0.0,
      "senolytic_dose": 0.0,
      "transplant_rate": 0.0,
      "yamanaka_intensity": 0.0
    },
    "n_pairs": 1,
    "rankings": [
      "baseline_age",
      "grief_age",
      "grief_soc_int",
      "transplant_rate",
      "grief_slp_int",
      "grief_med_int",
      "grief_act_int",
      "inflammation_level",
      "grief_M",
      "genetic_vulnerability",
      "baseline_heteroplasmy",
      "grief_V_prior",
      "grief_B",
      "baseline_nad_level",
      "grief_E_ctx",
      "grief_br_int",
      "metabolic_demand",
      "rapamycin_dose",
      "grief_D_circ",
      "grief_infl_0",
      "grief_alc_int",
      "grief_nut_int",
      "exercise_level",
      "nad_supplement",
      "senolytic_dose",
      "yamanaka_intensity"
    ]
  }
}