{
  "curves": {
    "cut_frac": [
      [
        0.0,
        26.927946353839197,
        3.552713678800501e-15
      ],
      [
        0.1,
        26.92477738076571,
        0.0
      ],
      [
        0.2,
        26.912962312064785,
        3.552713678800501e-15
      ],
      [
        0.4,
        26.90954988327125,
        0.0
      ],
      [
        0.6,
        26.904165253175556,
        0.0
      ],
      [
        0.8,
        26.904165253175556,
        0.0
      ]
    ],
    "target_position": [
      [
        0.1,
        26.98355161380949,
        3.552713678800501e-15
      ],
      [
        0.3,
        26.978565919621182,
        0.0
      ],
      [
        0.5,
        26.97136830552527,
        0.0
      ],
      [
        0.7,
        26.964747003415958,
        0.0
      ],
      [
        0.9,
        26.946392667591986,
        0.0
      ]
    ],
    "distractor_strength": [
      [
        0.0,
        26.927946353839197,
        3.552713678800501e-15
      ],
      [
        0.1,
        28.27345297940525,
        3.991612203394598
      ],
      [
        0.2,
        30.930581551335365,
        6.100041105006129
      ],
      [
        0.3,
        28.34191301945973,
        3.9735964194333406
      ],
      [
        0.5,
        25.64594476549748,
        7.111581283195667
      ],
      [
        0.7,
        24.283922835684184,
        5.306849254282344
      ],
      [
        1.0,
        22.971071543816613,
        8.509531214685644
      ]
    ]
  },
  "L50": {
    "cut_frac": 0.8,
    "target_position": 0.9,
    "distractor_strength": 1.0
  },
  "distractor_susceptibility": -6.106720781612266,
  "effective_horizon": 0.8,
  "n_sims": 190
}