{
  "fragmentation_stats": {
    "mean_tokens_per_param": 3.0,
    "mean_tokens_per_digit": 0.7257072379898984,
    "std_tokens_per_param": 0.0,
    "max_fragmentation_param": "baseline_age"
  },
  "perturbation_sensitivity": {
    "baseline_age": 1,
    "baseline_heteroplasmy": 1,
    "baseline_nad_level": 1,
    "exercise_level": 1,
    "genetic_vulnerability": 1,
    "grief_B": 1,
    "grief_D_circ": 1,
    "grief_E_ctx": 1,
    "grief_M": 1,
    "grief_V_prior": 1,
    "grief_act_int": 1,
    "grief_age": 1,
    "grief_alc_int": 1,
    "grief_br_int": 1,
    "grief_infl_0": 1,
    "grief_med_int": 1,
    "grief_nut_int": 1,
    "grief_slp_int": 1,
    "grief_soc_int": 1,
    "inflammation_level": 1,
    "metabolic_demand": 1,
    "nad_supplement": 1,
    "rapamycin_dose": 1,
    "senolytic_dose": 1,
    "transplant_rate": 1,
    "yamanaka_intensity": 1
  },
  "fragmentation_output_correlation": {
    "energy_atp_initial": -0.20778333232197282,
    "energy_atp_final": -0.14013850270356834,
    "energy_atp_min": -0.17374798377565653,
    "energy_atp_max": -0.22594409943446112,
    "energy_atp_mean": -0.159829118719102,
    "energy_atp_cv": 0.031228948227374518,
    "energy_reserve_ratio": 0.13119224276154506,
    "energy_atp_slope": 0.06862766649242884,
    "energy_terminal_slope": 0.03341844368081263,
    "energy_time_to_crisis_years": 0.010949174224840472,
    "damage_het_initial": 0.3016326423304424,
    "damage_het_final": 0.18239647638424106,
    "damage_het_max": 0.31018455920869853,
    "damage_delta_het": -0.2699755477993465,
    "damage_het_slope": -0.29782884265022086,
    "damage_het_acceleration": 0.23965751834315113,
    "damage_cliff_distance_initial": -0.3016326423304424,
    "damage_cliff_distance_final": -0.18239647638424106,
    "damage_time_to_cliff_years": -0.278560735775853,
    "damage_frac_above_cliff": 0.34756110199366885,
    "damage_deletion_het_initial": 0.3160648710602983,
    "damage_deletion_het_final": 0.07990536049535427,
    "damage_deletion_het_max": 0.31636480794030974,
    "dynamics_ros_dominant_freq": 0.0318967382966149,
    "dynamics_ros_amplitude": 0.38934203941575224,
    "dynamics_membrane_potential_cv": 0.06047192490524707,
    "dynamics_membrane_potential_slope": 0.02263522283397233,
    "dynamics_nad_slope": 0.007003919442039125,
    "dynamics_ros_het_correlation": 0.16377137308177725,
    "dynamics_ros_atp_correlation": 0.012321755753276037,
    "dynamics_senescent_final": 0.09012030835496274,
    "dynamics_senescent_slope": -0.008079434849676331,
    "intervention_atp_benefit_terminal": -0.03430813055161386,
    "intervention_atp_benefit_mean": -0.011337291773384555,
    "intervention_het_benefit_terminal": 0.3495791174795616,
    "intervention_energy_cost_per_year": 0.09649689064808001,
    "intervention_benefit_cost_ratio": 0.013718493731484446,
    "intervention_total_dose": -0.07143126820443199,
    "intervention_crisis_delay_years": -0.011373228792197097,
    "final_heteroplasmy": 0.18239647638424106,
    "final_atp": -0.14013850270356834,
    "final_ros": 0.08391414409874913,
    "final_nad": -0.11665614952060696,
    "final_senescent": 0.09012030835496274,
    "final_membrane_potential": -0.11605406184093225,
    "grief_pe_decay_rate": -0.05426912171218635,
    "grief_pe_initial": -0.055108703710298426,
    "grief_pe_terminal": -0.004466486081947618,
    "grief_g_peak": -0.08261238840633446,
    "grief_g_terminal": 0.004054109228871431,
    "grief_grief_half_life_years": -0.18212854960970914,
    "grief_pgd_risk_score": -0.15687720005693823,
    "grief_sns_peak": -0.045321870425953294,
    "grief_sns_terminal": 0.0020610086945165996,
    "grief_sns_mean_first_year": -0.0825156949173943,
    "grief_cort_peak": -0.1186048196577416,
    "grief_cort_mean": -0.14144930567869746,
    "grief_cort_terminal": -0.08252074475026072,
    "grief_hrv_min": 0.10983716017355487,
    "grief_hrv_terminal": 0.07302518067141267,
    "grief_sleep_mean": 0.11418252805513722,
    "grief_sleep_nadir": 0.14424939187593622,
    "grief_sleep_terminal": 0.08292286770540074,
    "grief_infl_peak": -0.11351932156121976,
    "grief_infl_mean": -0.12638698570063395,
    "grief_infl_terminal": -0.0020326855015487593,
    "grief_ctra_max": -0.059004084700243896,
    "grief_ctra_terminal": -0.007829833344248043,
    "grief_five_ht_nadir": 0.12894882769143062,
    "grief_five_ht_terminal": -0.022176230440899305,
    "grief_neuroinfl_peak": -0.0917341760852757,
    "grief_neuroinfl_terminal": -0.033677328709106634,
    "grief_cvd_risk_terminal": -0.05890242940898906,
    "grief_cvd_risk_max_rate": -0.05803551631317273,
    "grief_mortality_hazard_ratio": -0.2095912847912769
  },
  "hazard_zones": [
    {
      "params": {
        "grief_slp_int": 0.3961665000592489,
        "grief_act_int": 0.6776207635997941,
        "grief_nut_int": 0.7257696347154339,
        "grief_alc_int": 0.5669377953193868,
        "grief_br_int": 0.7584222371847541,
        "grief_med_int": 0.9834170759929376,
        "grief_soc_int": 0.4192723879008051,
        "grief_B": 0.5145830518855309,
        "grief_M": 0.012469877941213237,
        "grief_D_circ": 0.7960285563103784,
        "grief_V_prior": 0.5202300670459938,
        "grief_age": 48.557300125239564,
        "grief_E_ctx": 0.0940719630893958,
        "grief_infl_0": 0.44482821083769863,
        "rapamycin_dose": 0.39500724004055643,
        "nad_supplement": 0.6825815982092204,
        "senolytic_dose": 0.14937415636815077,
        "yamanaka_intensity": 0.9615496295410325,
        "transplant_rate": 0.1784417618218309,
        "exercise_level": 0.19954199289949037,
        "baseline_age": 80.12880023903996,
        "baseline_heteroplasmy": 0.8669536069348346,
        "baseline_nad_level": 0.3697179260186412,
        "genetic_vulnerability": 1.2047013322622417,
        "metabolic_demand": 1.6002423568442448,
        "inflammation_level": 0.8783657338108016
      },
      "fragmentation": 0.18487394957983194,
      "output_degradation": 0.4392183809072193
    },
    {
      "params": {
        "grief_slp_int": 0.28932013610233454,
        "grief_act_int": 0.2578084097023544,
        "grief_nut_int": 0.5859613740960548,
        "grief_alc_int": 0.4099823882250432,
        "grief_br_int": 0.2188566087946322,
        "grief_med_int": 0.8160560167528311,
        "grief_soc_int": 0.860569919294376,
        "grief_B": 0.16769951967778096,
        "grief_M": 0.007507032799999869,
        "grief_D_circ": 0.3361299685293737,
        "grief_V_prior": 0.7975108356807525,
        "grief_age": 78.7421706364027,
        "grief_E_ctx": 0.13832907011604922,
        "grief_infl_0": 0.3871679505915256,
        "rapamycin_dose": 0.11570416730942945,
        "nad_supplement": 0.3900625901565292,
        "senolytic_dose": 0.9986095150119159,
        "yamanaka_intensity": 0.1925908232309098,
        "transplant_rate": 0.15396358257762643,
        "exercise_level": 0.4228003325467935,
        "baseline_age": 63.3767968178903,
        "baseline_heteroplasmy": 0.8862557432925905,
        "baseline_nad_level": 0.9846569164264274,
        "genetic_vulnerability": 0.604460954887092,
        "metabolic_demand": 0.706996276021858,
        "inflammation_level": 0.7907379738959939
      },
      "fragmentation": 0.18487394957983194,
      "output_degradation": 0.3936653743648409
    },
    {
      "params": {
        "grief_slp_int": 0.3790526950373052,
        "grief_act_int": 0.5170194868494292,
        "grief_nut_int": 0.7417164105197349,
        "grief_alc_int": 0.7311359766527954,
        "grief_br_int": 0.7829601300260849,
        "grief_med_int": 0.5699338186415264,
        "grief_soc_int": 0.10461509680477521,
        "grief_B": 0.90397329087804,
        "grief_M": 0.8655725393210282,
        "grief_D_circ": 0.798097435818333,
        "grief_V_prior": 0.09986247716072949,
        "grief_age": 34.30781569570004,
        "grief_E_ctx": 0.7436003651076519,
        "grief_infl_0": 0.011570047290973218,