{
  "experiment": "ea_comparison",
  "patient": "default",
  "metric": "combined",
  "budget_per_algo": 30,
  "seed": 42,
  "results": {
    "hill_climber": {
      "best_fitness": 0.12360350895158692,
      "best_params": {
        "exercise_level": 0.6992348666956862,
        "nad_supplement": 0.3887609590755972,
        "rapamycin_dose": 0.807571227791497,
        "senolytic_dose": 0.6628020485972332,
        "transplant_rate": 0.05827159905274698,
        "yamanaka_intensity": 0.7046035680568907
      },
      "best_atp": 0.49334571971600916,
      "best_het": 0.1524350831813342,
      "n_evaluations": 30,
      "elapsed_seconds": 2.5,
      "fitness_trajectory": [
        -0.007296999373029522,
        -0.010287888576852589,
        -0.005158276108623905,
        0.0029284709238391327,
        -0.015293307120978705,
        -0.018542448403248507,
        -0.011822016339651742,
        -0.0015948641096931448,
        -0.017095583047547713,
        0.033798244102807656,
        0.02225478026534089,
        0.011890142697255301,
        0.016971926833982326,
        -0.007827559710697068,
        0.051286967136417144,
        0.07640355071131816,
        0.07589151377483186,
        0.032277019930729095,
        0.05055777515532561,
        -0.003967344784954863,
        0.07125552520446127,
        -0.016884124435698145,
        0.04275158974492815,
        0.0999877697509631,
        0.06120788968234059,
        0.09210441394901561,
        0.10133234202927249,
        0.12360350895158692,
        0.10752576007675335,
        0.09966681596093685
      ]
    },
    "es": {
      "best_fitness": 0.08352992902724848,
      "best_params": {
        "exercise_level": 0.826318226084426,
        "nad_supplement": 0.3659692101709255,
        "rapamycin_dose": 0.8729410646172439,
        "senolytic_dose": 0.7646921101202597,
        "transplant_rate": 0.0819992328474357,
        "yamanaka_intensity": 0.7886509143750922
      },
      "best_atp": 0.4476422819627168,
      "best_het": 0.14117536752342644,
      "n_evaluations": 30,
      "elapsed_seconds": 2.5,
      "fitness_trajectory": [
        -0.007296999373029522,
        -0.010287888576852589,
        -0.005158276108623905,
        0.0007797596909073778,
        -0.024770029535974514,
        -0.019564183148443076,
        -0.02241907211779648,
        -0.012403347467999482,
        -0.019358482471984156,
        0.03164374246802132,
        -0.01110773650435637,
        -0.021182608637572042,
        -0.015590646831193156,
        -0.014927681188286912,
        0.017464754735305094,
        0.05804416379250915,
        0.03104794137809297,
        -0.014029942481531776,
        0.005452499367810115,
        -0.031310570828522566,
        0.02566505930779442,
        -0.02304953682499286,
        0.02051712662357863,
        0.08190997739629499,
        0.013057614729479222,
        0.05029805868468923,
        0.05931726212510721,
        0.08352992902724848,
        0.040119021241160346,
        0.055848256992459266
      ]
    },
    "de": {
      "best_fitness": 0.4001555955917205,
      "best_params": {
        "exercise_level": 1.0,
        "nad_supplement": 0.96750973243421,
        "rapamycin_dose": 1.0,
        "senolytic_dose": 0.8713937614102625,
        "transplant_rate": 0.5257748598199565,
        "yamanaka_intensity": 0.1894713590842857
      },
      "best_atp": 0.7476623154583779,
      "best_het": 0.1079641013858046,
      "n_evaluations": 30,
      "elapsed_seconds": 2.5,
      "fitness_trajectory": [
        -0.007296999373029522,
        0.03725266421367304,
        0.38576391585146,
        0.06494442655489688,
        0.06902221232007205,
        0.3780320701496718,
        0.07824229958265025,
        0.28818193084216415,
        0.08178681391223197,
        0.3548184125017687,
        0.2112935328258551,
        0.18016022146761948,
        0.07264508870425065,
        0.3832484836042529,
        0.20568707436509945,
        0.20395599147115542,
        0.11485644070183271,
        0.3942333432874717,
        0.25179324542872805,
        0.2502857422503761,
        0.23527640858493754,
        0.22335659783901818,
        0.1187847779622139,
        0.34943378757867344,
        0.39529187079811123,
        0.4001555955917205,
        0.22674765665454044,
        0.3207558304398269,
        0.2754817830626892,
        0.3018720774486782
      ]
    },
    "cma_es": {
      "best_fitness": 0.24557802797180195,
      "best_params": {
        "exercise_level": 0.9918093269573178,
        "nad_supplement": 0.4998058477874485,
        "rapamycin_dose": 0.8478806060320326,
        "senolytic_dose": 0.5637985950806281,
        "transplant_rate": 0.0,
        "yamanaka_intensity": 0.3661885417626521
      },
      "best_atp": 0.630329251512677,
      "best_het": 0.18245310873423995,
      "n_evaluations": 30,
      "elapsed_seconds": 2.4,
      "fitness_trajectory": [
        -0.03180201287872969,
        0.1863912188527626,
        0.012006043661291266,
        -0.017634565603845742,
        -0.04771368154576927,
        -0.04639047311607594,
        0.0012084479690152305,
        0.0375229306593379,
        -0.04868676515651876,
        -0.00510193993856034,
        0.14691121509347027,
        0.0005942611717711377,
        0.032403011860342223,
        0.007584916038331169,
        0.24557802797180195,
        -0.03787259942306359,
        0.16746515621782726,
        0.21538347786567408,
        0.14331393205179552,
        0.0947927478695548,
        0.20146199267729342,
        -0.03883606089099598,
        0.13126169980412286,
        0.09275015315913429,
        -0.0643373746544102,
        0.21388003627467642,
        0.03526989233472744,
        0.23385621188489636,
        0.22358718082853313,
        0.04773698756830144
      ]
    },
    "ensemble": {
      "best_fitness": 0.40065858638531815,
      "best_params": {
        "exercise_level": 0.6338064604153311,
        "nad_supplement": 0.8522821425647595,
        "rapamycin_dose": 0.44521656561013256,
        "senolytic_dose": 0.21868451723040808,
        "transplant_rate": 0.5622402780962197,
        "yamanaka_intensity": 0.01054649720872005
      },
      "best_atp": 0.7667583828152706,
      "best_het": 0.14515025451239474,
      "n_evaluations": 30,
      "elapsed_seconds": 2.5,
      "fitness_trajectory": [
        -0.007296999373029522,
        0.03725266421367304,
        0.38576391585146,
        0.06494442655489688,
        0.06902221232007205,
        -0.0024971626508165923,
        0.04409708148641994,
        0.38925765404318713,
        0.05480199443602268,
        0.05379534233192132,
        -0.013191796816400425,
        0.04714729923059868,
        0.40065858638531815,
        0.05810473469303509,
        0.09982157414804937,
        -0.019776446349123733,
        0.004193303002517856,
        0.3974721271164441,
        0.11969450253352298,
        0.10711986310496763,
        -0.009010963504796188,
        0.05496582572563219,
        0.3645801906129026,
        0.17573857405862725,
        0.10639096945881665,
        -0.020720968200522633,
        0.08442605966222855,
        0.3797580537861238,
        0.1877671491959382,
        0.13071258091167304
      ]
    }
  },
  "ranking": [
    "ensemble",
    "de",
    "cma_es",
    "hill_climber",
    "es"
  ]
}