{
  "algorithm": "hill_climber",
  "budget": 30,
  "patient": "default",
  "metric": "combined",
  "seed": 42,
  "elapsed_seconds": 2.4,
  "n_evaluations": 30,
  "best_fitness": 0.12360350895158692,
  "best_params": {
    "exercise_level": 0.6992348666956862,
    "nad_supplement": 0.3887609590755972,
    "rapamycin_dose": 0.807571227791497,
    "senolytic_dose": 0.6628020485972332,
    "transplant_rate": 0.05827159905274698,
    "yamanaka_intensity": 0.7046035680568907
  },
  "best_atp": 0.49334571971600916,
  "best_het": 0.1524350831813342,
  "atp_benefit": -0.09399130563176972,
  "het_benefit": 0.4351896291667133,
  "fitness_trajectory": [
    -0.007296999373029522,
    -0.010287888576852589,
    -0.005158276108623905,
    0.0029284709238391327,
    -0.015293307120978705,
    -0.018542448403248507,
    -0.011822016339651742,
    -0.0015948641096931448,
    -0.017095583047547713,
    0.033798244102807656,
    0.02225478026534089,
    0.011890142697255301,
    0.016971926833982326,
    -0.007827559710697068,
    0.051286967136417144,
    0.07640355071131816,
    0.07589151377483186,
    0.032277019930729095,
    0.05055777515532561,
    -0.003967344784954863,
    0.07125552520446127,
    -0.016884124435698145,
    0.04275158974492815,
    0.0999877697509631,
    0.06120788968234059,
    0.09210441394901561,
    0.10133234202927249,
    0.12360350895158692,
    0.10752576007675335,
    0.09966681596093685
  ]
}