{
  "experiment": "ea_landscape",
  "patient": "default",
  "metric": "combined",
  "budget": 300,
  "seed": 2026,
  "elapsed_seconds": 32.7,
  "n_samples": 15,
  "fitness_mean": -0.008586977663456024,
  "fitness_std": 0.09835617483757975,
  "fitness_min": -0.20034897358818263,
  "fitness_max": 0.1611366359324252,
  "roughness": 0.29367182789862367,
  "mean_cliffiness": 0.03016599211208545,
  "max_cliffiness": 0.04255259056350738,
  "mean_gradient_magnitude": 0.4549909636815443,
  "gradient_sign_flip_rate": 0.0,
  "evals_used": 285
}