{
  "experiment": "ml_prefilter_runner",
  "patient": "default",
  "metric": "combined",
  "seed": 2026,
  "train_samples": 40,
  "pool_size": 180,
  "top_k": 12,
  "knn_k": 11,
  "seed_protocol_count": 0,
  "mean_top_true_fitness": 0.1699140854939143,
  "mean_random_true_fitness": 0.053366871973000496,
  "mean_true_lift_vs_random": 0.1165472135209138,
  "top_ranked_true": [
    {
      "rank": 1,
      "predicted_fitness": 0.2166279477024537,
      "params": {
        "rapamycin_dose": 0.24062604181377323,
        "nad_supplement": 0.7813658931947177,
        "senolytic_dose": 0.36528505670346056,
        "yamanaka_intensity": 0.043090690634595696,
        "transplant_rate": 0.96536926984468,
        "exercise_level": 0.03046480812489505
      },
      "fitness": 0.21662794920672257,
      "final_atp": 0.7763397156414404,
      "final_het": 0.16764438123736763,
      "atp_benefit": 0.09043022887510921,
      "het_benefit": 0.2523954406632267
    },
    {
      "rank": 2,
      "predicted_fitness": 0.19378568530366316,
      "params": {
        "rapamycin_dose": 0.27068090144591017,
        "nad_supplement": 0.9191304909520741,
        "senolytic_dose": 0.5879702166328254,
        "yamanaka_intensity": 0.1775164934316158,
        "transplant_rate": 0.4275645425413398,
        "exercise_level": 0.49293616218995406
      },
      "fitness": 0.19378568729085432,
      "final_atp": 0.7554039558830958,
      "final_het": 0.17145738555241488,
      "atp_benefit": 0.0694944691167646,
      "het_benefit": 0.24858243634817948
    },
    {
      "rank": 3,
      "predicted_fitness": 0.16875129341202894,
      "params": {
        "rapamycin_dose": 0.659569533072841,
        "nad_supplement": 0.8811861793495235,
        "senolytic_dose": 0.35506101458853867,
        "yamanaka_intensity": 0.31867896643874516,
        "transplant_rate": 0.313666741563808,
        "exercise_level": 0.11784964452439528
      },
      "fitness": 0.16875129522429574,
      "final_atp": 0.7143545756995132,
      "final_het": 0.13942740931836684,
      "atp_benefit": 0.028445088933181983,
      "het_benefit": 0.2806124125822275
    },
    {
      "rank": 4,
      "predicted_fitness": 0.1598159671719856,
      "params": {
        "rapamycin_dose": 0.5529869643862163,
        "nad_supplement": 0.8870121467184444,
        "senolytic_dose": 0.015272435183649069,
        "yamanaka_intensity": 0.2030974028229966,
        "transplant_rate": 0.8647679793230478,
        "exercise_level": 0.5694728969947693
      },
      "fitness": 0.159815967965853,
      "final_atp": 0.7068266278589441,
      "final_het": 0.1422421681541141,
      "atp_benefit": 0.02091714109261289,
      "het_benefit": 0.27779765374648024
    },
    {
      "rank": 5,
      "predicted_fitness": 0.15251289294251702,
      "params": {
        "rapamycin_dose": 0.615508274358867,
        "nad_supplement": 0.40283347552957394,
        "senolytic_dose": 0.7660363414662829,
        "yamanaka_intensity": 0.06771436062054059,
        "transplant_rate": 0.6068143810342034,
        "exercise_level": 0.8570786899866468
      },
      "fitness": 0.15251289366895562,
      "final_atp": 0.7115474197108377,
      "final_het": 0.166289900451696,
      "atp_benefit": 0.025637932944506447,
      "het_benefit": 0.25374992144889835
    },
    {
      "rank": 6,
      "predicted_fitness": 0.1442481140420522,
      "params": {
        "rapamycin_dose": 0.7715370379067442,
        "nad_supplement": 0.7702414655724522,
        "senolytic_dose": 0.07837290492218618,
        "yamanaka_intensity": 0.21213914882577256,
        "transplant_rate": 0.8953850271326209,
        "exercise_level": 0.8794320598717107
      },
      "fitness": 0.1442481149697215,
      "final_atp": 0.6878409394519673,
      "final_het": 0.13540649733242352,
      "atp_benefit": 0.0019314526856361036,
      "het_benefit": 0.2846333245681708
    },
    {
      "rank": 7,
      "predicted_fitness": 0.13715162852974577,
      "params": {
        "rapamycin_dose": 0.9144561221029246,
        "nad_supplement": 0.3187820814455795,
        "senolytic_dose": 0.5858895145468258,
        "yamanaka_intensity": 0.23874477955495155,
        "transplant_rate": 0.6679799243985048,
        "exercise_level": 0.12765638766488252
      },
      "fitness": 0.1371516295258292,
      "final_atp": 0.681530030017481,
      "final_het": 0.13697764935123555,
      "atp_benefit": -0.004379456748850208,
      "het_benefit": 0.28306217254935884
    },
    {
      "rank": 8,
      "predicted_fitness": 0.13684996331393978,
      "params": {
        "rapamycin_dose": 0.9363122242578448,
        "nad_supplement": 0.07389597584523522,
        "senolytic_dose": 0.8533136562599993,
        "yamanaka_intensity": 0.16782365513224518,
        "transplant_rate": 0.8114328725032335,
        "exercise_level": 0.2963472178481993
      },
      "fitness": 0.1368499641057122,
      "final_atp": 0.6832103893779793,
      "final_het": 0.14094169891246605,
      "atp_benefit": -0.0026990973883519453,
      "het_benefit": 0.2790981229881283
    },
    {
      "rank": 9,
      "predicted_fitness": 0.13158075573069927,
      "params": {
        "rapamycin_dose": 0.5193842211443356,
        "nad_supplement": 0.32654466381127,
        "senolytic_dose": 0.49995502241119394,
        "yamanaka_intensity": 0.09344593349461805,
        "transplant_rate": 0.9047040725533528,
        "exercise_level": 0.9897361675845034
      },
      "fitness": 0.13158075634124705,
      "final_atp": 0.6914244046477005,
      "final_het": 0.16790814498083878,
      "atp_benefit": 0.005514917881369263,
      "het_benefit": 0.2521316769197556
    },
    {
      "rank": 10,
      "predicted_fitness": 0.12712640365258276,
      "params": {
        "rapamycin_dose": 0.5782871366069361,
        "nad_supplement": 0.8472292340199105,
        "senolytic_dose": 0.7697291933269581,
        "yamanaka_intensity": 0.09171535480487203,
        "transplant_rate": 0.762139086122917,
        "exercise_level": 0.541465667810765
      },
      "fitness": 0.2166473484705412,
      "final_atp": 0.7669891382972507,
      "final_het": 0.14890442802135084,
      "atp_benefit": 0.08107965153091945,
      "het_benefit": 0.2711353938792435
    },
    {
      "rank": 11,
      "predicted_fitness": 0.12118471631256182,
      "params": {
        "rapamycin_dose": 0.780985808736175,
        "nad_supplement": 0.616373951502569,
        "senolytic_dose": 0.6067232865488414,
        "yamanaka_intensity": 0.0922816586127585,
        "transplant_rate": 0.5790628611602225,
        "exercise_level": 0.5148822734681908
      },
      "fitness": 0.18666886388179466,
      "final_atp": 0.7361677900591505,
      "final_het": 0.14721870072264345,
      "atp_benefit": 0.05025830329281922,
      "het_benefit": 0.2728211211779509
    },
    {
      "rank": 12,
      "predicted_fitness": 0.1179431707740075,
      "params": {
        "rapamycin_dose": 0.7768585578074371,
        "nad_supplement": 0.5718454658466616,
        "senolytic_dose": 0.3942723117638868,
        "yamanaka_intensity": 0.009240921185286521,
        "transplant_rate": 0.365580543517224,
        "exercise_level": 0.37478364972859823
      },
      "fitness": 0.19432855527544463,
      "final_atp": 0.7482983328060312,
      "final_het": 0.156160403429105,
      "atp_benefit": 0.06238884603969996,
      "het_benefit": 0.2638794184714893
    }
  ],
  "random_control_true": [
    {
      "params": {
        "rapamycin_dose": 0.12046907762387415,
        "nad_supplement": 0.46581253099537934,
        "senolytic_dose": 0.20785494157193374,
        "yamanaka_intensity": 0.3351350375860954,
        "transplant_rate": 0.5675652419333407,
        "exercise_level": 0.9578419522589532
      },
      "fitness": 0.05206793897831176,
      "final_atp": 0.625650531696458,
      "final_het": 0.1953860338042244,
      "atp_benefit": -0.06025895506987322,